Workbook

Sheet 投资仪表盘
A1: 美股ETF投资仪表盘
A2: 总投入USD | B2: =SUM(持仓汇总!B2:B5) -> 1755.77
A3: 当前市值USD | B3: =SUM(持仓汇总!E2:E5) -> 1722.6161
A4: 总盈亏USD | B4: =B3-B2 -> -33.153897
A6: ETF | B6: 当前比例 | C6: 目标比例 | D6: 状态
A7: =持仓汇总!A2 -> VOO | B7: =持仓汇总!F2 -> 0.17430742 | C7: =持仓汇总!G2 -> 0.4 | D7: =IF(B7<C7-0.03,"低配补仓",IF(B7>C7+0.03,"高配减少","正常")) -> 低配补仓
A8: =持仓汇总!A3 -> QQQM | B8: =持仓汇总!F3 -> 0.70118818 | C8: =持仓汇总!G3 -> 0.35 | D8: =IF(B8<C8-0.03,"低配补仓",IF(B8>C8+0.03,"高配减少","正常")) -> 高配减少
A9: =持仓汇总!A4 -> BOTZ | B9: =持仓汇总!F4 -> 0.073568216 | C9: =持仓汇总!G4 -> 0.15 | D9: =IF(B9<C9-0.03,"低配补仓",IF(B9>C9+0.03,"高配减少","正常")) -> 低配补仓
A10: =持仓汇总!A5 -> TQQQ | B10: =持仓汇总!F5 -> 0.05093619 | C10: =持仓汇总!G5 -> 0.05 | D10: =IF(B10<C10-0.03,"低配补仓",IF(B10>C10+0.03,"高配减少","正常")) -> 正常

Sheet 参数设置
A1: 项目 | B1: 数值
A2: USD/HKD汇率 | B2: 7.8
A3: 每月投入HKD | B3: 3000
A4: VOO目标比例 | B4: 0.4
A5: QQQM目标比例 | B5: 0.35
A6: BOTZ目标比例 | B6: 0.15
A7: TQQQ目标比例 | B7: 0.05

Sheet 交易记录
A1: 日期 | B1: ETF | C1: 投入HKD | D1: 汇率 | E1: 投入USD | F1: 买入价格USD | G1: 买入份额
A2: 46182 | B2: QQQM | E2: 295.98 | F2: 295.95 | G2: 0.9999
A3: 46182 | B3: QQQM | E3: 0.02 | F3: 296.01 | G3: 0.0001
A4: 46182 | B4: QQQM | E4: 591.25 | F4: 295.6286 | G4: 2
A5: 46195 | B5: QQQM | E5: 305.92 | F5: 305.92 | G5: 1
A6: 46209 | B6: VOO | E6: 152.95 | F6: 689.96 | G6: 0.2217
A7: 46209 | B7: BOTZ | E7: 17.93 | F7: 38.26 | G7: 0.52
A8: 46209 | B8: BOTZ | E8: 39.26 | F8: 38.26 | G8: 1
A9: 46212 | B9: TQQQ | E9: 14.99 | F9: 72.27 | G9: =IF(E9="","",E9/F9) -> 0.20741663
A10: 46213 | B10: QQQM | E10: 38 | F10: 297.33 | G10: =IF(E10="","",E10/F10) -> 0.12780412
A11: 46213 | B11: TQQQ | E11: 38 | F11: 75.88 | G11: =IF(E11="","",E11/F11) -> 0.50079072
A12: 46213 | B12: TQQQ | E12: 38 | F12: 75.69 | G12: =IF(E12="","",E12/F12) -> 0.50204783
A13: 46213 | B13: BOTZ | E13: 73.53 | F13: 36.76 | G13: =IF(E13="","",E13/F13) -> 2.000272
A14: 46213 | B14: VOO | E14: 149.94 | F14: 691.29 | G14: =IF(E14="","",E14/F14) -> 0.21689884
E15: =IF(C15="","",C15/D15) | G15: =IF(E15="","",E15/F15)
E16: =IF(C16="","",C16/D16) | G16: =IF(E16="","",E16/F16)
E17: =IF(C17="","",C17/D17) | G17: =IF(E17="","",E17/F17)
E18: =IF(C18="","",C18/D18) | G18: =IF(E18="","",E18/F18)
E19: =IF(C19="","",C19/D19) | G19: =IF(E19="","",E19/F19)
E20: =IF(C20="","",C20/D20) | G20: =IF(E20="","",E20/F20)
E21: =IF(C21="","",C21/D21) | G21: =IF(E21="","",E21/F21)
E22: =IF(C22="","",C22/D22) | G22: =IF(E22="","",E22/F22)
E23: =IF(C23="","",C23/D23) | G23: =IF(E23="","",E23/F23)
E24: =IF(C24="","",C24/D24) | G24: =IF(E24="","",E24/F24)
E25: =IF(C25="","",C25/D25) | G25: =IF(E25="","",E25/F25)
E26: =IF(C26="","",C26/D26) | G26: =IF(E26="","",E26/F26)
... E501: =IF(C501="","",C501/D501) | G501: =IF(E501="","",E501/F501)

Sheet 持仓汇总
A1: ETF | B1: 成本USD | C1: 份额 | D1: 当前价格USD | E1: 市值USD | F1: 实际比例 | G1: 目标比例 | H1: 偏差
A2: VOO | B2: =SUMIF(交易记录!B:B,A2,交易记录!E:E) -> 302.89 | C2: =SUMIF(交易记录!B:B,A2,交易记录!G:G) -> 0.43859884 | D2: 684.6 | E2: =IF(D2="","",C2*D2) -> 300.26477 | F2: =IF(SUM(E:E)=0,"",E2/SUM(E:E)) -> 0.17430742 | G2: 0.4 | H2: =F2-G2 -> -0.22569258
A3: QQQM | B3: =SUMIF(交易记录!B:B,A3,交易记录!E:E) -> 1231.17 | C3: =SUMIF(交易记录!B:B,A3,交易记录!G:G) -> 4.1278041 | D3: 292.62 | E3: =IF(D3="","",C3*D3) -> 1207.878 | F3: =IF(SUM(E:E)=0,"",E3/SUM(E:E)) -> 0.70118818 | G3: 0.35 | H3: =F3-G3 -> 0.35118818
A4: BOTZ | B4: =SUMIF(交易记录!B:B,A4,交易记录!E:E) -> 130.72 | C4: =SUMIF(交易记录!B:B,A4,交易记录!G:G) -> 3.520272 | D4: 36 | E4: =IF(D4="","",C4*D4) -> 126.72979 | F4: =IF(SUM(E:E)=0,"",E4/SUM(E:E)) -> 0.073568216 | G4: 0.15 | H4: =F4-G4 -> -0.076431784
A5: TQQQ | B5: =SUMIF(交易记录!B:B,A5,交易记录!E:E) -> 90.99 | C5: =SUMIF(交易记录!B:B,A5,交易记录!G:G) -> 1.2102552 | D5: 72.5 | E5: =IF(D5="","",C5*D5) -> 87.743501 | F5: =IF(SUM(E:E)=0,"",E5/SUM(E:E)) -> 0.05093619 | G5: 0.05 | H5: =F5-G5 -> 0.0009361897

Sheet 本月3000HKD执行计划
A1: ETF | B1: 当前比例 | C1: 目标比例 | D1: 低配差值 | E1: 建议金额HKD | F1: 动作 | G1: HKD
A2: =持仓汇总!A2 -> VOO | B2: =持仓汇总!F2 -> 0.17430742 | C2: =持仓汇总!G2 -> 0.4 | D2: =MAX(0,C2-B2) -> 0.22569258 | E2: =IF(SUM(D2:D5)=0,参数设置!B3*C2,参数设置!B3*D2/SUM(D2:D5)) -> 2241.0564 | F2: =IF(D2>0.03,"重点补仓",IF(D2>0,"增加","减少")) -> 重点补仓 | G2: =E2/参数设置!B2 -> 287.31492
A3: =持仓汇总!A3 -> QQQM | B3: =持仓汇总!F3 -> 0.70118818 | C3: =持仓汇总!G3 -> 0.35 | D3: =MAX(0,C3-B3) -> 0 | E3: =IF(SUM(D2:D5)=0,参数设置!B3*C3,参数设置!B3*D3/SUM(D2:D5)) -> 0 | F3: =IF(D3>0.03,"重点补仓",IF(D3>0,"增加","减少")) -> 减少 | G3: =E3/参数设置!B2 -> 0
A4: =持仓汇总!A4 -> BOTZ | B4: =持仓汇总!F4 -> 0.073568216 | C4: =持仓汇总!G4 -> 0.15 | D4: =MAX(0,C4-B4) -> 0.076431784 | E4: =IF(SUM(D2:D5)=0,参数设置!B3*C4,参数设置!B3*D4/SUM(D2:D5)) -> 758.9436 | F4: =IF(D4>0.03,"重点补仓",IF(D4>0,"增加","减少")) -> 重点补仓 | G4: =E4/参数设置!B2 -> 97.300461
A5: =持仓汇总!A5 -> TQQQ | B5: =持仓汇总!F5 -> 0.05093619 | C5: =持仓汇总!G5 -> 0.05 | D5: =MAX(0,C5-B5) -> 0 | E5: =IF(SUM(D2:D5)=0,参数设置!B3*C5,参数设置!B3*D5/SUM(D2:D5)) -> 0 | F5: =IF(D5>0.03,"重点补仓",IF(D5>0,"增加","减少")) -> 减少 | G5: =E5/参数设置!B2 -> 0

Sheet 使用说明
A1: V5.4仪表盘版
A2: 1. 交易记录输入买入。
A3: 2. 持仓汇总更新当前价格。
A4: 3. 仪表盘查看组合状态。
A5: 4. 执行计划查看3000HKD分配。
